<?xml version="1.0" encoding="UTF-8"?>
<project-private xmlns="http://www.netbeans.org/ns/project-private/1">
    <editor-bookmarks xmlns="http://www.netbeans.org/ns/editor-bookmarks/2" lastBookmarkId="0"/>
    <open-files xmlns="http://www.netbeans.org/ns/projectui-open-files/2">
        <group>
            <file>file:/C:/xampp/htdocs/BlueHarvest/Master.php</file>
            <file>file:/C:/xampp/htdocs/BlueHarvest/x_datastuff</file>
            <file>file:/C:/xampp/htdocs/BlueHarvest/index.php</file>
            <file>file:/C:/xampp/htdocs/BlueHarvest/pluralize.js</file>
            <file>file:/C:/xampp/htdocs/BlueHarvest/trainingData.js</file>
            <file>file:/C:/xampp/htdocs/BlueHarvest/StyleSheet.css</file>
            <file>file:/C:/xampp/htdocs/BlueHarvest/textPrep.js</file>
        </group>
    </open-files>
</project-private>
